title,description,label,priority
"Fix broken React Router navigation","Page transitions fail when refreshing nested routes. Update router configuration.","Frontend","Medium"
"Improve API response compression","Enable gzip or Brotli compression on API Gateway to reduce payload size.","DevOps","Low"
"Create Kubernetes manifests","Write deployment, service, and ingress manifests for all microservices.","DevOps","High"
"Fix image scaling issue","Images appear blurred on retina screens. Update scaling logic for better quality.","Frontend","Low"
"Implement bulk task update API","Allow multiple tasks to be updated in a single request to reduce network calls.","Backend","Medium"
"Add SQS queue for async processing","Move heavy operations to asynchronous workers using SQS.","DevOps","High"
"Fix React Query infinite refetching","Infinite loop caused by missing dependency in fetch hook.","Frontend","Medium"
"Add user activity tracking","Track user login, logout, and API usage for analytics.","Backend","Medium"
"Improve CI build caching","Optimize pipeline by caching node_modules and Maven dependencies.","DevOps","Medium"
"Fix WebSocket reconnection issue","Client fails to reconnect after long inactive periods.","Backend","High"
"Add custom validation annotations","Create annotations for validating phone numbers and tax codes.","Backend","Low"
"Implement refresh token rotation","Add rotating refresh tokens and detection for stolen tokens.","Security","Critical"
"Fix incorrect pagination count","Total items returned do not match filtered results.","Backend","High"
"Add drag-and-drop task sorting","Enable reordering tasks using a drag handle in UI.","Frontend","Low"
"Rewrite notification worker","Existing worker is unstable under high load. Rewrite using Spring Batch.","Backend","High"
"Add API documentation using Swagger","Create OpenAPI specs for all endpoints.","General","Medium"
"Fix admin role override bug","Normal users can escalate permissions under rare conditions.","Security","Critical"
"Add Lambda DLQ support","Configure dead-letter queues for all critical Lambda functions.","DevOps","Medium"
"Improve mobile UI spacing","Padding is inconsistent on screens under 360px.","Frontend","Low"
"Implement data export to Excel","Allow exporting tasks with filters to XLSX files.","Backend","Medium"
"Fix slow cold boot in ECS tasks","Containers take too long to start. Investigate image size.","DevOps","High"
"Add task activity comments","Allow users to comment on each task.","Frontend","Low"
"Fix inconsistent date formatting","Dates sometimes appear in ISO format instead of dd/MM/yyyy.","Frontend","Low"
"Implement advanced search","Search by date range, status, labels, and priority using dynamic query builders.","Backend","High"
"Add autoscaling rules","Configure ECS autoscaling based on CPU and memory.","DevOps","Medium"
"Fix duplicate task creation","Concurrent requests can create duplicate tasks. Add idempotency.","Backend","High"
"Add Markdown support for descriptions","Render markdown in task descriptions using a markdown parser.","Frontend","Medium"
"Create workload identity for CI","Remove long-lived AWS credentials and use GitHub OIDC.","Security","Critical"
"Optimize task listing query","Improve performance with partial indexes and projections.","Database","High"
"Add push notifications","Send mobile push notifications using Firebase Cloud Messaging.","Backend","Medium"
"Fix slow bundle size","React bundle too large; apply tree-shaking and code splitting.","Frontend","High"
"Implement event sourcing","Track all task updates as immutable events.","Backend","Low"
"Add support for webhooks","Allow external systems to subscribe to task updates via HTTP callbacks.","Backend","Medium"
"Fix incorrect timezone handling","Scheduled tasks fire at wrong hours due to DST issues.","Backend","High"
"Add CDN invalidation automation","Automatically invalidate CloudFront caches after deployment.","DevOps","Medium"
"Create Helm charts for deployment","Package Kubernetes manifests into reusable charts.","DevOps","High"
"Fix login redirect loop","OAuth login sometimes loops back to login page.","Backend","High"
"Create system architecture diagram","Document architecture using C4 diagrams.","General","Low"
"Implement data masking","Mask sensitive fields such as phone numbers in logs.","Security","High"
"Fix session expiration logic","Sessions expire earlier than configured.","Backend","Medium"
"Create feature flag system","Allow toggling features for testing and rollout.","Backend","Low"
"Add onboarding checklist UI","Design a step-by-step onboarding UI for new users.","Frontend","Low"
"Fix Lambda concurrency bottleneck","Requests throttled due to low concurrency limit.","DevOps","High"
"Add test coverage report","Generate coverage reports in CI using Jacoco.","Testing","Low"
"Implement data retention policy","Automatically archive task data older than 1 year.","Database","Medium"
"Fix layout shift on page load","UI shifts due to missing preload fonts.","Frontend","Low"
"Create synthetic monitoring","Set up heartbeat checks using CloudWatch Synthetics Canary.","DevOps","Medium"
"Add AI-assisted task description generator","Use Amazon Bedrock to auto-generate detailed task descriptions.","Backend","Low"
"Implement user login API","Create a Spring Boot REST endpoint for user authentication using JWT. Validate email/password and return an access token.","Backend","High"
"Fix CSS layout bug on dashboard","UI shifts incorrectly on mobile resolution under 480px. Requires adjusting Flexbox and grid spacing.","Frontend","Medium"
"Add search filter for tasks","Implement filtering by title, label, and priority in the task management page using React.","Frontend","High"
"Optimize slow SQL query","Task list query with multiple joins takes 3 seconds. Analyze execution plan and add indexes.","Database","High"
"Create CI pipeline for microservices","Set up GitHub Actions to build, test, and deploy all services automatically.","DevOps","Critical"
"Write unit tests for AuthService","Increase test coverage to 80% using JUnit + Mockito.","Testing","Medium"
"Migrate project to Java 21","Upgrade dependencies, fix deprecated APIs, and ensure compatibility.","Backend","High"
"Refactor Redux store","Cleanup slice structure, remove duplicated actions, and ensure proper thunk handling.","Frontend","Medium"
"Add dark mode support","Implement theme switching in React using Context API.","Frontend","Low"
"Integrate Redis caching","Cache frequently accessed APIs to reduce database load.","Database","High"
"Add file upload for task attachments","Implement S3 upload and generate signed URL for downloads.","DevOps","High"
"Investigate API Gateway timeout","Requests exceed 29 seconds due to slow downstream service. Profile latency.","DevOps","Critical"
"Fix memory leak in Notification Service","Service shows increasing RAM usage under load. Analyze heap dump.","Backend","High"
"Improve password strength validation","Require at least 10 characters, uppercase, lowercase, number, and symbol.","Security","Medium"
"Create onboarding documents","Write documentation for new developers, including setup guide and architecture overview.","General","Low"
"Add pagination to admin table","Implement server-side pagination for the user management table.","Frontend","Medium"
"Upgrade MongoDB driver","Move from driver 4.0 to 5.1 for performance improvements.","Database","Low"
"Implement email notification system","Send email alerts when new tasks are assigned using SES.","DevOps","High"
"Build analytics dashboard","Show charts with task statistics using Chart.js.","Frontend","Medium"
"Fix 500 error in task update API","NullPointer exception when description = null. Add validation.","Backend","High"
"Add role-based access control","Admin, Manager, and User roles with different permissions.","Security","High"
"Implement WebSocket real-time updates","Notify clients instantly when tasks change.","Backend","High"
"Create Terraform for infrastructure","Infra-as-code for VPC, ECS, RDS, and S3.","DevOps","Critical"
"Add multi-language support","Support English and Vietnamese using i18n.","Frontend","Low"
"Fix image upload S3 permission issue","403 Forbidden due to missing bucket policy configuration.","DevOps","High"
"Add Google OAuth login","Integrate Google Identity to allow quick user sign-in.","Backend","Medium"
"Restructure backend modules","Split services into smaller modules for better maintainability.","Backend","Low"
"Conduct security vulnerability scan","Run OWASP ZAP scan and fix medium/high-level alerts.","Security","Critical"
"Improve loading performance","Implement lazy-loading and code-splitting in React.","Frontend","Medium"
"Fix CORS issue on production","Requests blocked due to CORS misconfiguration on API Gateway.","DevOps","High"
"Add task tagging system","Allow users to add multiple tags to each task.","Backend","Medium"
"Create admin audit logs","Record all admin actions such as user deletion and updates.","Security","High"
"Deploy logging stack","Setup ELK (Elasticsearch, Logstash, Kibana) for logs.","DevOps","High"
"Create mobile-responsive navbar","Navbar overlaps content on small resolutions.","Frontend","Low"
"Optimize Lambda cold start","Reduce cold start by increasing memory and using SnapStart.","DevOps","Medium"
"Improve error handling","Add global exception handler for REST APIs.","Backend","Medium"
"Fix Docker build failure","Build stops due to incorrect WORKDIR path.","DevOps","High"
"Create daily backup for RDS","Configure automated snapshots and retention policy.","Database","Low"
"Add 2FA authentication","Implement OTP-based two-factor authentication.","Security","High"
"Design new logo","Create a modern logo for the Task Management system.","Frontend","Low"
"Refactor frontend folder structure","Simplify components and separate hooks, services, and utils.","Frontend","Low"
"Add priority color indicator","Display different colors based on priority level.","Frontend","Low"
"Implement audit database schema","Add audit tables for create/update/delete tracking.","Database","Medium"
"Fix auto-refresh issue","Page refreshes twice on data update.","Frontend","Low"
"Set up CDN for static files","Use CloudFront to speed up static asset delivery.","DevOps","High"
"Add API rate limiting","Prevent brute-force and spam requests using bucket tokens.","Security","High"
"Build chatbot for support","Implement a simple support bot using Amazon Lex.","Backend","Low"
"Add export task to CSV","Allow exporting task lists to downloadable CSV.","Backend","Medium"
"Fix timezone mismatch","Stored timestamps appear 7 hours off due to UTC conversion issue.","Backend","High"
"Implement task reminder system","Send reminders before deadlines using scheduled Lambda.","Backend","Medium"
"Implement task dependency feature","Allow tasks to depend on other tasks. Prevent completion if parent tasks are incomplete.","Backend","High"
"Add AI-assisted task description generator","Use Amazon Bedrock to auto-generate detailed task descriptions.","AI Integration","Low"
"Implement Elasticache session store","Store user sessions in Redis instead of in-memory for scalability.","Backend","Medium"
"Fix header overflow bug","Header text overlaps icons on screen widths under 320px.","Frontend","Low"
"Add CloudWatch dashboard","Create monitoring dashboards for CPU, memory, and API latency.","DevOps","Medium"
"Write integration tests for TaskService","Test all endpoints end-to-end using Testcontainers.","Testing","High"
"Implement SQL encryption at rest","Enable TDE encryption for all PostgreSQL RDS tables.","Security","High"
"Fix dropdown closing issue","Dropdown closes immediately when clicking inside due to event bubbling.","Frontend","Low"
"Add API filter for archived tasks","Support `?archived=true` to return old tasks.","Backend","Medium"
"Create S3 lifecycle policies","Auto-delete logs older than 90 days.","DevOps","Low"
"Fix concurrency issue when updating labels","Optimistic locking fails under load.","Backend","High"
"Add profile picture upload","Users can upload avatar images stored in S3.","Frontend","Low"
"Implement account lockout policy","Lock account after 5 failed login attempts.","Security","High"
"Add Kafka producer for events","Publish task events to Kafka for analytics.","Backend","Medium"
"Fix missing index on tasks table","Queries slow due to missing index on `status`.","Database","High"
"Integrate feature flag SDK","Use LaunchDarkly for remote feature toggling.","Backend","Low"
"Create UAT deployment environment","Add new environment with separate VPC.","DevOps","High"
"Fix 404 routing issue on CloudFront","SPA returns 404 when refreshing deep link.","DevOps","Medium"
"Add SSO support using SAML","Integrate corporate SSO.","Security","High"
"Implement server-side rendering","Add SSR for better SEO and faster first paint.","Frontend","Medium"
"Rewrite old jQuery components","Migrate old codebase to React.","Frontend","Low"
"Add monitoring for dead letter queues","Create alarms for DLQ message count.","DevOps","High"
"Fix repeated notifications bug","Notifications sent twice due to retry logic.","Backend","High"
"Add release notes generator","Automatically generate CHANGELOG.md from commits.","General","Low"
"Implement task priority rules","Automatically bump priority based on deadlines.","Backend","Medium"
"Fix floating point bug","Points calculated incorrectly due to float precision.","Backend","Medium"
"Add OpenTelemetry tracing","Enable end-to-end distributed tracing.","DevOps","High"
"Improve JWT validation performance","Use cached public keys for verification.","Security","Medium"
"Fix filter reset issue","Filters remain applied even after user clicks reset.","Frontend","Low"
"Create RDS proxy","Reduce DB connection exhaustion under load.","DevOps","High"
"Add email template system","Use template variables for notification emails.","Backend","Low"
"Fix dark mode toggle bug","Theme resets on page reload.","Frontend","Low"
"Implement event replay service","Rebuild task states from event logs.","Backend","Low"
"Add rate limiter to login API","Prevent brute force attacks.","Security","High"
"Create automated test data generator","Generate fake test tasks for QA.","Testing","Low"
"Fix mobile keyboard overlap","Input fields hidden by mobile keyboard on iOS.","Frontend","Low"
"Add Slack alert integration","Send error alerts to Slack channels.","DevOps","Medium"
"Implement GraphQL gateway","Expose queries via GraphQL.","Backend","Medium"
"Fix AWS IAM misconfiguration","Role attached to wrong service causing access denied.","DevOps","High"
"Add custom metrics","Publish business metrics to CloudWatch.","Backend","Low"
"Fix caching invalidation issue","Cache not cleared after updating task.","Backend","High"
"Implement offline mode","Allow task editing offline and sync later.","Frontend","Low"
"Add DDoS protection","Use AWS Shield Advanced.","Security","Critical"
"Fix build pipeline for pull requests","PR builds not triggering due to missing permissions.","DevOps","Medium"
"Add soft delete for tasks","Mark tasks as deleted instead of removing from DB.","Backend","Low"
"Fix image crop issue","Cropper returns incorrect dimensions on HDPI devices.","Frontend","Low"
"Automate ECS blue-green deployments","Use CodeDeploy for zero downtime.","DevOps","High"
"Add account deactivation flow","Allow users to temporarily disable accounts.","Backend","Low"
"Fix inconsistent tooltip behavior","Tooltips disappear too quickly.","Frontend","Low"
"Add audit log export","Allow admins to export audit logs as CSV.","Backend","Medium"
"Setup VPC flow logs","Capture all inbound/outbound VPC traffic.","DevOps","Medium"
"Fix XML parsing bug","Parser breaks on special characters.","Backend","High"
"Add browser compatibility tests","Ensure UI works on Safari, Firefox, and Edge.","Testing","Low"
"Implement warmup Lambda","Reduce cold starts using scheduled warmers.","DevOps","Low"
"Fix retention policy misconfiguration","Backups deleted earlier than expected.","Database","High"
"Add custom eslint rules","Create lint rules for consistent coding style.","Frontend","Low"
"Add nested comments","Support threaded task comments.","Backend","Medium"
"Fix page freeze issue","UI freezes during large list rendering.","Frontend","High"
"Add cost monitoring dashboard","Track AWS cost usage by environment.","DevOps","Low"
"Implement AI label suggestion","Suggest task labels automatically using fine-tuned model.","AI","Low"
"Add task import from Trello","Allow importing tasks through Trello API.","Backend","Low"
"Fix incorrect form validation","Form submits despite invalid fields.","Frontend","Medium"
"Create disaster recovery plan","Document RTO/RPO and backup restoration.","General","High"
"Add readonly replicas for RDS","Increase read performance using replicas.","Database","High"
"Fix service discovery issue","Services cannot find each other in new cluster.","DevOps","High"
"Implement JWT blacklist","Blacklist compromised tokens.","Security","High"
"Fix shift+enter newline bug","Textarea incorrectly sends form on shift+enter.","Frontend","Low"
"Add auto archive for completed tasks","Archive tasks completed 60 days ago.","Backend","Low"
"Create KMS key rotation policy","Rotate encryption keys annually.","Security","Medium"
"Fix CSS grid misalignment","Grid columns shift on Safari.","Frontend","Low"
"Add permission matrix UI","Visualize user permissions using table view.","Frontend","Low"
"Implement SQL migrations","Add Flyway migrations for schema updates.","Database","Medium"
"Add API health check","Expose `/health` endpoint with DB check.","Backend","Low"
"Fix flaky integration test","Test fails randomly due to race condition.","Testing","Medium"
"Add auto-scaling for RDS","Enable storage autoscaling.","Database","Medium"
"Fix frontend state duplication","State duplicated across multiple contexts.","Frontend","Low"
"Add document upload validation","Validate file type and size before upload.","Backend","Medium"
"Create AMI baking pipeline","Build immutable AMIs for EC2 instances.","DevOps","Medium"
"Fix rate limit headers","API missing `X-RateLimit-Remaining` headers.","Backend","Low"
"Add keyboard shortcuts","Allow navigating tasks using hotkeys.","Frontend","Low"
"Fix XSS vulnerability","Sanitize rich text editor input.","Security","Critical"
"Add ML-powered priority guess","Predict task priority based on description.","AI","Low"
"Implement incremental static regeneration","Rebuild pages automatically when data changes.","Frontend","Low"
"Fix S3 CORS issue","Uploads rejected due to wrong CORS config.","DevOps","High"
"Add GraphQL federation","Split schema across multiple services.","Backend","Medium"
"Fix deadlock in DB","Transactions deadlock under high concurrency.","Database","High"
"Add WebAuthn login","Passwordless login using security keys.","Security","High"
"Improve API request retry logic","Retry only idempotent requests.","Backend","Low"
"Fix navbar flicker","Navbar flickers on route change.","Frontend","Low"
"Add multi-tenant support","Separate data per organization.","Backend","High"
"Create step-functions workflow","Orchestrate long-running tasks.","DevOps","Medium"
"Fix incorrect MIME type","File downloads use wrong content type.","Backend","Low"
"Add system status page","Display uptime and incidents.","General","Low"
"Fix missing foreign key constraints","Missing constraints cause orphan rows.","Database","High"
"Implement synthetic load testing","Use k6 to generate traffic.","Testing","Medium"
"Add live typing indicator","Show when other users are typing.","Frontend","Low"
"Fix duplicate websocket events","Server sends events twice.","Backend","Medium"
"Add high-availability NAT gateways","Prevent single point of failure.","DevOps","High"
"Implement user session tracking","Track active sessions per user.","Security","Medium"
"Fix 401 interceptor refresh logic","Token refresh triggered incorrectly.","Frontend","Medium"
"Add automated dependency updates","Use Renovate Bot.","DevOps","Low"
"Fix outdated TLS policy","Upgrade to TLS 1.2 minimum.","Security","High"
"Add tags to infrastructure","Tag all AWS resources for cost allocation.","DevOps","Low"
"Create social login with GitHub","Allow devs to sign in with GitHub.","Backend","Low"
"Fix incorrect JSON serialization","Fields excluded due to wrong annotation.","Backend","Medium"
"Fix slow task filtering","Filtering by priority + label takes 2s, optimize query with composite index.","Backend","High"
"Add password reset email","Implement forgot-password flow using SES one-time link.","Backend","Medium"
"Improve Lighthouse performance","Fix unused JavaScript and oversized images to raise score above 90.","Frontend","High"
"Set up WAF rules","Block common attacks using AWS WAF managed rules.","Security","Critical"
"Fix ECS health check config","Tasks are failing due to wrong health check paths.","DevOps","High"
"Add task archiving","Allow archiving completed tasks after 30 days.","Backend","Low"
"Fix UI overflow in sidebar","Long project names overflow outside sidebar container.","Frontend","Low"
"Implement cloud cost monitoring","Track AWS spending with automated alerts.","DevOps","Medium"
"Optimize DynamoDB queries","Use GSI for filtering attributes to reduce scan operations.","Database","High"
"Add user impersonation feature","Admins can impersonate users for support.","Security","High"
"Fix infinite loading on dashboard","Frontend stuck due to missing API response mapping.","Frontend","High"
"Create deployment rollback script","Automatic rollback on failed deployment.","DevOps","Medium"
"Add JWT refresh endpoint","Provide endpoint to refresh tokens securely.","Backend","High"
"Fix incorrect task sorting","Sorting by priority mixes Medium and High.","Frontend","Low"
"Implement unit tests for user service","Increase code coverage to 85%.","Testing","Medium"
"Add API key authentication","Provide API key for external integrations.","Security","High"
"Fix duplicate WebSocket events","Frontend receives duplicate real-time notifications.","Backend","Medium"
"Implement user preferences","Allow users to save theme, language, and layouts.","Frontend","Low"
"Add database migration tool","Integrate Flyway for schema versioning.","Database","High"
"Fix lag in task editor","Editor lags due to large DOM re-renders.","Frontend","Medium"
"Add metrics dashboard","Use CloudWatch metrics for CPU, memory, and errors.","DevOps","Medium"
"Refactor task controller","Simplify logic and split into smaller handlers.","Backend","Low"
"Implement S3 lifecycle rules","Move old files to Glacier after 90 days.","DevOps","Low"
"Fix login throttling issue","Throttle resets incorrectly after successful login.","Security","High"
"Create task import from CSV","Allow users to upload CSV and create tasks in bulk.","Backend","Medium"
"Fix UI blinking on theme switch","Theme switch causes full page re-render.","Frontend","Low"
"Encrypt secrets in environment","Use AWS KMS instead of plaintext.","Security","Critical"
"Implement GraphQL endpoint","Provide GraphQL API for flexible querying.","Backend","Medium"
"Fix slow dependency installation","Optimize Docker build caching for npm.","DevOps","Low"
"Add storybook for UI testing","Document and preview UI components.","Frontend","Low"
"Implement SLA monitoring","Track uptime of services with alerts.","DevOps","High"
"Improve SQL deadlock handling","Add retry mechanism when deadlocks occur.","Database","High"
"Fix timestamp precision issue","Milliseconds truncated incorrectly.","Database","Low"
"Add offline mode for mobile app","Cache tasks locally using IndexedDB.","Frontend","Medium"
"Fix N+1 queries","Replace lazy loads with fetch joins.","Backend","High"
"Implement admin dashboard charts","Charts for active users, tasks created, labels used.","Frontend","Medium"
"Add priority auto-suggestion","Suggest priority based on description using AI.","AI Integration","low"
"Fix GitHub Actions environment","Jobs failing due to missing environment variables.","DevOps","Medium"
"Implement input sanitization","Sanitize rich-text input to prevent XSS.","Security","Critical"
"Improve service startup time","Reduce Spring Boot startup by removing unused beans.","Backend","Low"
"Add autosave in task editor","Automatically save drafts.","Frontend","Low"
"Fix Redis connection pool issues","Timeouts under high load.","Database","High"
"Add multi-tenant support","Separate data by tenant using schema-per-tenant.","Backend","Critical"
"Implement notification preferences","Users can choose email, push, or none.","Frontend","Low"
"Fix inaccurate task counts","Sidebar counters show stale values.","Frontend","Medium"
"Add integration tests","Full flow tests from API → DB.","Testing","High"
"Fix CPU spike on batch job","Batch job consumes full CPU due to inefficient loops.","Backend","High"
"Add server-side HTML rendering","Improve SEO by implementing SSR.","Frontend","Medium"
"Set up VPN for internal services","Secure communication between private subnets.","Security","High"
"Fix slow S3 downloads","Implement multipart download processing.","DevOps","Medium"
"Implement feature-based repository","Organize backend by features instead of layers.","Backend","Low"
"Fix API null pointer on label filter","Missing optional validator.","Backend","Medium"
"Add retry for third-party API","Retry failed calls with exponential backoff.","Backend","Low"
"Fix mobile touch issues","Touch events not triggering properly on iOS.","Frontend","Medium"
"Add environment promotion pipeline","Automatic dev → staging → prod promotion.","DevOps","High"
"Improve analytics queries","Use materialized views for large datasets.","Database","High"
"Add biometric login","Touch ID / Face ID for mobile.","Frontend","Medium"
"Fix log rotation issues","Logs not rotated correctly in ECS.","DevOps","Low"
"Implement E2E tests","Cypress tests for major user flows.","Testing","Medium"
"Fix SQL injection vulnerability","Use prepared statements everywhere.","Security","Critical"
"Build task dependency graph UI","Visual graph of parent/child tasks.","Frontend","High"
"Add session hijacking detection","Block suspicious login patterns.","Security","High"
"Create report generation API","Generate PDF reports for task summaries.","Backend","Medium"
"Fix flaky unit tests","Unstable tests failing randomly.","Testing","Low"
"Add custom user roles","Allow custom permissions beyond default roles.","Security","High"
"Improve autocomplete performance","Optimize search index for task titles.","Frontend","Low"
"Add SSH bastion host","Secure access to private EC2 instances.","DevOps","High"
"Fix memory usage in worker queue","Memory grows due to unacknowledged messages.","Backend","High"
"Add column-level encryption","Encrypt sensitive fields like email and phone.","Database","Critical"
"Implement session recording","Record anonymized UI sessions for analytics.","Frontend","Low"
"Add email open tracking","Track whether notification emails are opened.","Backend","Low"
"Fix inconsistent i18n keys","Some UI strings not translated properly.","Frontend","Low"
"Add zero-downtime deployment","Use blue-green ECS deployments.","DevOps","High"
"Fix cache invalidation bug","Stale tasks shown even after update.","Backend","High"
"Add Slack integration","Post notifications to Slack channels.","Backend","Medium"
"Build task timeline view","Timeline view similar to Gantt chart.","Frontend","High"
"Fix vulnerability in build pipeline","CI secrets exposed via logs.","Security","Critical"
"Improve API throttling","Add per-user and per-IP rate limits.","Security","High"
"Add MySQL read replicas","Scale read-heavy workloads.","Database","High"
"Fix CloudFront CORS misconfiguration","Resources blocked by browser.","DevOps","Medium"
"Implement user behavior analytics","Track common user actions for UI improvements.","Frontend","Low"
"Add automated data anonymization","Mask PII before backups.","Security","High"
"Fix pagination skipping bug","Page 3 shows wrong items due to incorrect offsets.","Backend","Medium"
"Add auto-update for mobile app","Notify users when new version is available.","Frontend","Low"
"Create database connection pool monitor","Track pool usage in real time.","Database","Medium"
"Fix task deletion race condition","Simultaneous deletions break constraints.","Backend","High"
"Implement SSO login","Support Okta and Azure AD.","Security","High"
"Refactor notification templates","Centralize email and push templates.","Backend","Low"
"Fix UI flicker on dropdowns","Dropdown re-renders too frequently.","Frontend","Low"
"Add data export to JSON","Allow exporting tasks in JSON format.","Backend","Low"
"Add API call tracing","Use X-Ray for distributed tracing.","DevOps","High"
"Fix RDS failover issues","Failover takes too long in multi-AZ setup.","Database","Medium"
"Add SMS notifications","Use SNS to send SMS task alerts.","Backend","Low"
"Fix UI color contrast","Improve accessibility for low-vision users.","Frontend","Low"
"Implement admin approval flow","Some actions require admin approval.","Backend","Medium"
"Add retry for failed Lambda triggers","Retry SQS → Lambda processing.","DevOps","Medium"
"Fix timepicker bug","Selecting 12 PM mapped to 00:00.","Frontend","Low"
"Set up cross-region replication","Replicate S3 buckets across regions.","DevOps","Medium"
"Add import from Jira/Asana","Allow migrating tasks from other systems.","Backend","Medium"
"Fix SQL slow count(*)","Use approximated counts for large tables.","Database","Low"
"Implement queue-based notifications","Send notifications asynchronously via SQS.","Backend","Low"
"Fix incorrect PDF export layout","Layout broken when text exceeds width.","Frontend","Low"
"Add API usage analytics","Track top endpoints by usage.","Backend","Medium"
"Add keyboard shortcuts","Improve productivity for power users.","Frontend","Low"
"Fix KMS encryption errors","Wrong IAM role for decrypting secrets.","Security","High"
"Add CI parallel testing","Run tests in parallel to reduce duration.","Testing","Low"
"Improve object mapping performance","Replace ModelMapper with manual mapping.","Backend","Medium"
"Add webhook signature validation","Verify signatures for incoming webhooks.","Security","High"
"Fix UI animation stutter","Animations lag on low-end devices.","Frontend","Low"
"Add S3 multipart upload","Large attachments upload in chunks.","Backend","Medium"
"Fix environment variable override","Prod values overridden incorrectly.","DevOps","High"
"Add fail2ban equivalent","Block IPs after too many failed logins.","Security","High"
"Implement audit log viewer","UI for searching audit logs.","Frontend","Low"
"Fix Redis cache stampede","Add jitter to cache expiration.","Database","High"
"Add prefetching for task lists","Prefetch likely-to-be-opened tasks.","Frontend","Low"
"Fix JWT cookie SameSite issue","Cookies not sent on cross-domain.","Security","Medium"
"Implement serverless cron jobs","Scheduled events for cleanup operations.","DevOps","Low"
"Improve search ranking","Rank results by relevance using TF-IDF.","Backend","Low"
"Add RabbitMQ integration","Replace SQS in certain flows.","Backend","Medium"
"Fix memory fragmentation","Optimize JVM heap region settings.","Backend","Low"
"Add asset versioning","Append hash to static assets.","Frontend","Low"
"Fix K8s liveness probe","Probe failing due to wrong status code.","DevOps","Medium"
"Add config encryption","Encrypt config files at rest.","Security","High"
"Improve dashboard charts","Add animations and grouping.","Frontend","Low"
"Fix very large task list lag","Virtualize long list rendering.","Frontend","High"
"Set up blue-green RDS migration","Zero downtime DB migration.","Database","Critical"
"Add SQL query caching","Cache expensive queries.","Database","Low"
"Fix failing S3 presigned URLs","URLs expire too early.","Backend","Medium"
"Add custom login attempts log","Track login failures for investigation.","Security","Low"
"Fix notification duplication","Users receive two notifications.","Backend","Low"
"Implement gRPC service","Provide faster than REST.","Backend","Medium"
"Implement dark mode toggle","Add a user-controlled theme switch and persist preference in local storage.","Frontend","Low"
"Optimize MySQL slow queries","Analyze slow query logs and add proper indexes to improve performance.","Backend","High"
"Fix login redirect loop","Incorrect session validation causing infinite redirect. Patch middleware.","Security","High"
"Add unit test coverage for Utils module","Ensure minimum 80% coverage for all helper functions.","Testing","Medium"
"Integrate Redis caching layer","Add Redis for frequently accessed endpoints to reduce DB load.","Backend","High"
"Refactor legacy XML parser","Replace old parser with a more robust and streaming-based approach.","Refactor","Medium"
"Improve Docker image size","Remove unnecessary layers and switch to Alpine base image.","DevOps","Low"
"Fix Toast notification overlapping","UI notifications overlap on multiple errors. Add queue mechanism.","Frontend","Medium"
"Implement rate-limiting","Prevent abuse by adding per-IP throttling on the public API.","Security","High"
"Add password strength validator","Force strong password rules during registration.","Security","Medium"
"Migrate logging system to ELK","Move logs to centralized Elasticsearch + Kibana dashboard.","DevOps","High"
"Fix pagination bug on dashboard","Pagination resets incorrectly when filters change.","Frontend","Medium"
"Optimize AWS Lambda cold start","Upgrade runtime, reduce package size, and use provisioned concurrency.","Cloud","High"
"Add retry logic for payment API","Implement exponential backoff for failed payment gateway calls.","Backend","Medium"
"Create Postman API collection","Document and organize all API endpoints for testing.","Documentation","Low"
"Implement Markdown support","Enable markdown editor for description fields.","Feature","Medium"
"Fix WebSocket disconnect issue","Client connection drops after 30 secs due to ping misconfiguration.","Backend","High"
"Add 2FA authentication","Implement TOTP-based 2-factor authentication for user accounts.","Security","High"
"Improve CI/CD pipeline speed","Parallelize test jobs and optimize build cache usage.","DevOps","Medium"
"Refactor notification scheduler","Move cron jobs into dedicated scheduling microservice.","Refactor","Medium"
"Add email template system","Support dynamic email templates for notifications.","Feature","Low"
"Fix CSS grid alignment issues","Grid layout breaks on screen widths under 1280px.","Frontend","Medium"
"Implement custom 404 page","Add a user-friendly not found page for missing routes.","Frontend","Low"
"Add RabbitMQ for async processing","Move heavy jobs to background workers via message queues.","DevOps","High"
"Fix incorrect timezone conversion","Datetime conversion between UTC and user timezone is wrong.","Backend","High"
"Create Terraform infrastructure scripts","Automate infra provisioning using IaC.","Cloud","High"
"Improve search indexing","Optimize Elasticsearch analyzers for faster search queries.","Backend","Medium"
"Add feature flag system","Roll out new features using a toggle system.","Feature","Medium"
"Fix iOS Safari rendering bug","Mobile Safari miscalculates viewport height in certain pages.","Frontend","Medium"
"Enhance API error messages","Add meaningful error codes and descriptions.","Backend","Low"
"Implement role-based access control","Add RBAC with fine-grained permission rules.","Security","High"
"Fix failing integration tests","Tests failing randomly due to race condition in async task.","Testing","High"
"Add database migration scripts","Create versioned migration files for schema updates.","Backend","Medium"
"Improve Webhook security","Add signature validation for incoming webhook requests.","Security","Medium"
"Refactor project folder structure","Organize modules for better maintainability.","Refactor","Low"
"Add CDN for static assets","Serve images and JS files through CloudFront.","Cloud","Medium"
"Fix memory leak in Node worker","Unreleased resources causing high memory usage.","Backend","High"
"Add custom analytics events","Track user behavior for dashboard analytics.","Feature","Low"
"Improve modal accessibility","Fix ARIA labels and keyboard navigation.","Frontend","Low"
"Add automated database backups","Configure scheduled snapshots for production DB.","DevOps","High"
"Migrate to PostgreSQL 15","Upgrade DB engine and ensure compatibility.","Backend","High"
"Implement SSO login via OAuth","Integrate Google and GitHub login.","Security","Medium"
"Fix table sorting bug","Sort fails when column contains null values.","Frontend","Low"
"Add Swagger API documentation","Generate OpenAPI docs for all endpoints.","Documentation","Low"
"Implement global search","Search across tasks, projects, and users using unified query.","Feature","High"
"Refactor email service","Decouple email sending logic into separate microservice.","Refactor","Medium"
"Fix Android push notification issue","FCM push notifications not delivered on background mode.","Mobile","High"
"Add lead time tracking","Track cycle time for tasks from creation to completion.","Feature","Medium"
"Improve JWT token refresh mechanism","Implement silent refresh flow and shorten access token expiration.","Security","High"
"Fix Kanban board drag-and-drop issue","Card position resets after page reload due to missing state sync.","Frontend","Medium"
"Add API rate monitor dashboard","Track API usage, throttling, and error rates.","DevOps","Low"
"Refactor user profile service","Split large service into smaller, maintainable modules.","Refactor","Medium"
"Fix duplicated WebSocket events","Client receives duplicate real-time updates due to multiple bindings.","Backend","Medium"
"Add CSV import for tasks","Allow users to bulk import tasks into project.","Feature","Low"
"Implement auto-assign rules","Auto-assign tasks based on labels and priorities.","Feature","High"
"Fix Docker compose environment variables","Env vars not loaded properly in production build.","DevOps","Medium"
"Add mobile responsive layout","Optimize task board UI for smartphones.","Frontend","High"
"Improve build caching for React","Speed up production build with optimized webpack cache.","Frontend","Low"
"Fix incorrect badge counter","Unread notification counter increments incorrectly.","Frontend","Low"
"Implement scheduled reminders","Send reminders through email or push notifications.","Feature","Medium"
"Add API audit logging","Record all changes made through admin APIs.","Security","High"
"Fix timezone mismatch in Gantt chart","Tasks appear shifted by one day due to offset error.","Frontend","Medium"
"Add Undo/Redo for task operations","Track action history and allow rollback.","Feature","High"
"Optimize GraphQL resolvers","Slow GraphQL queries need batching and caching.","Backend","High"
"Add new user onboarding tutorial","Show an interactive guide for first-time users.","Feature","Low"
"Fix memory spike in image uploader","Image processing library creates large temp buffers.","Backend","High"
"Improve attachment upload security","Add MIME type validation and size limits.","Security","Medium"
"Refactor database repository layer","Simplify generic repository logic and remove duplication.","Refactor","Low"
"Add Sentry error tracking","Integrate Sentry for real-time exception monitoring.","DevOps","Low"
"Fix scrolling freeze in dashboard","Infinite scroll component locks UI after long usage.","Frontend","Medium"
"Add background sync service","Sync local data when user comes back online.","Mobile","Medium"
"Improve password reset UX","Add progress indicator and validate new password policy.","Frontend","Low"
"Fix API response pagination metadata","Incorrect total count returned for filtered results.","Backend","Low"
"Implement service mesh with Istio","Add observability, tracing, and traffic control.","Cloud","High"
"Add lambda warmers","Reduce cold starts for critical AWS Lambda functions.","Cloud","Medium"
"Fix OAuth callback error","Incorrect redirect_uri causes authentication failure.","Security","High"
"Improve SQL transaction handling","Avoid deadlocks with proper locking strategy.","Backend","High"
"Add validation to task creation form","Prevent invalid or missing fields during submission.","Frontend","Low"
"Fix CSS overflow in sidebar menu","Long project names break layout.","Frontend","Low"
"Implement server-side search filters","Optimize heavy filters by moving them to backend.","Backend","Medium"
"Add project archiving feature","Allow users to archive inactive projects.","Feature","Medium"
"Improve API Gateway mapping templates","Fix inconsistent response body mapping.","Cloud","Low"
"Fix failing E2E test flows","Cypress tests fail due to outdated selectors.","Testing","Medium"
"Implement RDS read replica","Scale DB reads using replicas.","Cloud","High"
"Add QR code login","Generate dynamic QR for authentication.","Security","Low"
"Improve test data generation script","Automate creation of seed data for staging environment.","DevOps","Low"
"Fix broken breadcrumbs navigation","Incorrect paths generated in nested routes.","Frontend","Low"
"Implement multi-factor login via SMS","Integrate with SMS provider for OTP codes.","Security","High"
"Fix API concurrency issues","Simultaneous updates cause inconsistent states.","Backend","High"
"Add daily system health report","Email system metrics to admin every morning.","DevOps","Low"
"Improve animations performance","Optimize CSS transitions for task card movement.","Frontend","Low"
"Fix CloudFront caching logic","Some endpoints cached incorrectly due to header mismatch.","Cloud","Medium"
"Add custom emoji reactions","Allow users to react to comments with emojis.","Feature","Low"
"Fix broken file previewer","PDF preview fails on some browsers.","Frontend","Medium"
"Implement auto-clean temp folder","Remove old temp files generated by background jobs.","Backend","Low"
"Add user activity log","Track user operations such as create, update, delete.","Security","Medium"
"Fix flaky Kafka consumer","Consumer sometimes fails to commit offset.","Backend","High"
"Add admin impersonation mode","Allow admin to view system as another user.","Feature","Medium"
"Fix long polling timeout issue","Long poll request closes prematurely.","Backend","Low"
"Implement webhooks for project events","Send event notifications to external services.","Feature","Medium"
"Improve SQL migration rollback","Add safety checks to avoid destructive rollback.","Backend","Low"
"Fix i18n language switch delay","Language changes take effect only after page reload.","Frontend","Low"
"Add Redis cluster support","Enable sharded caching for high scalability.","DevOps","High"
"Fix deployment script errors","CI deployment fails due to missing env variables.","DevOps","Medium"
"Add project templates","Allow creating new projects from predefined templates.","Feature","Low"
"Fix UI flicker on modal open","Modal animation stutters on low-end devices.","Frontend","Low"
"Add AI-based task suggestions","Suggest tasks based on previous project patterns.","Feature","High"
"Implement rate-adaptive polling","Adjust polling frequency based on activity.","Backend","Low"
"Fix CSS variable inheritance issue","Theme variables not applied correctly to children.","Frontend","Low"
"Add custom sorting options","Allow sorting tasks by custom fields.","Feature","Medium"
"Improve serverless function logs","Enhance structured logging for AWS Lambda.","Cloud","Low"
"Fix Swagger schema mismatch","API docs not matching actual response model.","Documentation","Low"
"Implement global state observer","Track state changes across entire app.","Feature","Low"
"Fix retry duplication bug","Retry logic causes double API call.","Backend","Low"
"Add merge duplicate tasks feature","Detect and merge tasks with similar titles.","Feature","Medium"
"Improve image compression quality","Tune compression settings for uploaded images.","Backend","Low"
"Fix slow first paint time","Critical CSS not preloaded correctly.","Frontend","Medium"
"Implement gRPC between services","Replace REST with gRPC for internal communication.","Backend","High"
"Add DB connection pool monitor","Track usage of DB connections.","DevOps","Medium"
"Fix CORS policy errors","API blocked due to restrictive CORS settings.","Backend","Low"
"Implement incident alerting","Send Slack alerts on critical backend errors.","DevOps","High"
"Add A/B testing module","Split traffic and evaluate performance of features.","Feature","Medium"
"Fix animation jitter on task hover","UI animation on hover lags on Firefox.","Frontend","Low"
"Implement sticky header for tables","Keep headers visible during scroll.","Frontend","Low"
"Improve data export speed","Optimize CSV export logic for large datasets.","Backend","Medium"
"Fix WebRTC connection failure","Peer-to-peer connection fails on Safari.","Backend","High"
"Add audit trail for permissions changes","Track all RBAC modifications.","Security","High"
"Implement offline mode","Allow reading cached tasks without internet.","Mobile","Medium"
"Fix overlapping tooltips","Tooltips render over modals unexpectedly.","Frontend","Low"
"Add adaptive image loader","Serve different image resolutions based on device.","Frontend","Low"
"Implement sandbox environment","Add isolated environment for testing workflows.","DevOps","Low"
"Fix timezone offset in calendar","Events appear misaligned in monthly view.","Frontend","Low"
"Add JSON schema validation","Validate request payloads automatically.","Backend","Medium"
"Fix AWS SNS delivery failure","Message delivery fails intermittently for some regions.","Cloud","High"
"Implement object storage lifecycle rules","Auto-clean old files from S3.","Cloud","Low"
"Fix slow API warm-up time","Cold start for backend containers too long.","Backend","High"
"Add feature usage analytics","Track feature adoption for improvement.","Feature","Low"
"Fix auto-focus issue on forms","Wrong field focused on page load.","Frontend","Low"
"Add WebGL-based chart renderer","Improve performance for large analytic charts.","Frontend","High"
"Fix file upload retry issue","User cannot retry upload after failure.","Frontend","Low"
"Add webhook retry mechanism","Retry failed webhook deliveries with backoff.","Backend","Medium"
"Fix broken task dependencies","Dependent tasks not updating status correctly.","Backend","High"
"Implement advanced role permissions","Add hierarchical permission model.","Security","High"
"Fix constant reconnect attempts","Client retries too aggressively causing server overload.","Backend","Medium"
"Add OpenAPI versioning","Version API docs for multiple releases.","Documentation","Low"
"Fix S3 signed URL expiration","URLs expire faster than expected.","Cloud","Medium"
"Add auto-generate changelog","Generate changelog automatically from commit history.","DevOps","Low"
"Refactor environment config system","Unify config handling across services.","Refactor","Low"
"Fix data duplication in projection","Read model updated twice due to event replay issue.","Backend","High"
"Add gRPC health checks","Enable health endpoints for gRPC services.","Backend","Low"
"Fix markdown rendering XSS issue","Escape unsafe HTML content in markdown renderer.","Security","High"
"Add multi-tab sync","Sync app state across multiple browser tabs.","Frontend","Medium"
"Fix user avatar cropping","Cropping tool misbehaves on portrait images.","Frontend","Low"
"Implement label auto-coloring","Generate distinct colors for new labels.","Feature","Low"
"Fix push notification permission request","Permission dialog shows repeatedly.","Mobile","Low"
"Add async file processing pipeline","Process uploaded files in background using workers.","Backend","High"
"Improve failover strategy","Add fallback servers for high availability.","DevOps","High"
"Fix inconsistent dark mode colors","Some UI elements do not follow theme variables.","Frontend","Low"
"Add project members analytics","Show activity stats per member.","Feature","Medium"
"Implement Google Drive integration","Allow users to attach files from Google Drive.","Feature","Medium"
"Fix debounce logic in search bar","Search triggers too many requests.","Frontend","Low"
"Improve query performance with caching","Cache complex queries using Redis.","Backend","High"
"Fix label color contrast","Some label colors fail WCAG accessibility standards.","Frontend","Low"
"Implement document versioning","Track versions of documents attached to tasks.","Feature","Medium"
"Fix 403 error on file download","Incorrect auth header passed to download endpoint.","Backend","Medium"
"Implement advanced search operators","Allow AND/OR/NOT search syntax.","Feature","High"
"Fix inconsistent API status codes","Standardize HTTP status codes for all endpoints.","Backend","Medium"
"Add feature flag system","Toggle features on/off without redeploy.","DevOps","High"
"Implement dark mode auto-switch","Detect system theme and toggle UI automatically.","Frontend","Low"
"Fix infinite loop in WebSocket reconnect","Client retries too quickly causing browser freeze.","Frontend","High"
"Add workspace-level permissions","Restrict access at workspace level.","Security","High"
"Optimize Docker base images","Reduce image size by removing unnecessary packages.","DevOps","Low"
"Fix incorrect avatar resolution","Avatar looks blurry on retina displays.","Frontend","Low"
"Implement SQS DLQ logic","Route failed messages to dead-letter queue.","Cloud","Medium"
"Add project color themes","Allow users to choose custom project colors.","Feature","Low"
"Fix SQL query using FULL TABLE SCAN","Optimize heavy query using indexes.","Backend","High"
"Add Kanban swimlane grouping","Group tasks by status or owners in Kanban view.","Feature","Medium"
"Fix image orientation EXIF issue","Photos uploaded on iOS rotate incorrectly.","Frontend","Low"
"Implement tenant-level data isolation","Add data separation for multi-tenant system.","Backend","High"
"Add custom reminders per task","User can set multiple reminders.","Feature","Medium"
"Fix session timeout not redirecting","Users stay on protected page after session expiry.","Security","High"
"Implement ETL job for analytics","Generate daily analytics from raw task data.","Data","Medium"
"Add admin dashboard for logs","Display system logs with filters and pagination.","Feature","Low"
"Fix JWT invalid signature","Tokens fail verification due to mismatched secret.","Security","High"
"Add auto-scroll on drag task","Kanban board should auto-scroll during drag.","Frontend","Low"
"Add email template system","Allow editing of email templates with variables.","Feature","Medium"
"Fix multiple uploads timeout","Uploading multiple attachments times out.","Backend","Medium"
"Add task progress slider","Users can track progress from 0–100%.","Feature","Low"
"Fix PDF export RTL text issue","Right-to-left languages display incorrectly.","Frontend","Medium"
"Add activity heatmap","Visualize user activity intensity.","Feature","Low"
"Refactor CI/CD pipeline","Split long pipeline into modular stages.","DevOps","Medium"
"Fix empty state visuals","Improve UI for pages with no data.","Frontend","Low"
"Add admin role delegation","Admins can delegate roles temporarily.","Security","Medium"
"Fix redis key eviction policy","Some cache keys expire too early.","DevOps","Medium"
"Improve startup logs readability","Color-code important log messages.","DevOps","Low"
"Add in-app announcement banner","Show system-wide announcements.","Feature","Low"
"Fix fallback font issue","Unicode characters not displayed correctly.","Frontend","Medium"
"Add image cropping presets","Square, portrait, landscape presets.","Frontend","Low"
"Fix task comment duplication","Comment submitted twice due to race condition.","Backend","High"
"Implement pipeline caching","Cache dependencies to reduce build time.","DevOps","Low"
"Add Slack rich message formatting","Improve Slack notification layout.","Feature","Low"
"Fix CORS on preflight requests","OPTIONS requests return 500 error.","Backend","Medium"
"Add click-to-assign user","Quick assign by clicking avatar list.","Feature","Low"
"Fix layout shift due to fonts","Fonts not preloaded causing CLS issues.","Frontend","Low"
"Improve search index refresh rate","Update index incrementally instead of full rebuild.","Backend","Medium"
"Fix mobile header alignment","Header icons shift on small screens.","Frontend","Low"
"Add autosave for draft tasks","Save temporary drafts while typing.","Feature","Medium"
"Add lock mechanism for editing","Prevent simultaneous edits on same task.","Backend","High"
"Fix version conflict error","Incorrect optimistic locking usage.","Backend","High"
"Add plugin marketplace","Allow third-party extensions.","Feature","High"
"Fix markdown table rendering","Tables overflow on small screens.","Frontend","Low"
"Implement push-based sync","Send updates over push instead of polling.","Backend","Medium"
"Add dependency graph view","Visualize task dependencies.","Feature","High"
"Fix incorrect pagination links","Next/prev URLs not encoded properly.","Backend","Low"
"Improve SQL retry mechanism","Retry only transient errors.","Backend","Medium"
"Add two-way calendar sync","Sync tasks with Google/Outlook calendar.","Feature","High"
"Fix CPU spike in metrics collector","Collector loops too frequently.","DevOps","Medium"
"Add throttling for heavy endpoints","Rate-limit expensive operations.","Security","Medium"
"Fix link preview metadata","OG tags not loaded for shared links.","Frontend","Low"
"Add cloud cost monitoring","Track AWS usage and predicted costs.","DevOps","Low"
"Fix inconsistent label order","Labels reorder unpredictably after update.","Frontend","Low"
"Add custom project fields","Let users add metadata fields.","Feature","Medium"
"Fix broken CSV export encoding","Exported file uses wrong encoding.","Backend","Low"
"Add test coverage dashboard","Show code coverage trends.","DevOps","Low"
"Fix slow DB migration apply","Large migration scripts take too long.","Backend","Medium"
"Implement zero-downtime deploy","Use rolling update strategy.","DevOps","High"
"Add adaptive cache eviction","Evict based on access patterns.","Backend","Medium"
"Fix HTML injection in comments","Escape unsafe content.","Security","High"
"Add Sprint burndown chart","Show sprint progress visually.","Feature","Medium"
"Fix floating button alignment","Floating actions overlap content.","Frontend","Low"
"Add custom color pickers for labels","Users can pick custom label colors.","Feature","Low"
"Fix TImePicker 12/24h mismatch","Time parsing incorrect in some regions.","Frontend","Low"
"Add personal dashboard widgets","Users customize dashboard layout.","Feature","Medium"
"Fix wrong DB timezone config","DB stores timestamps incorrectly.","Backend","High"
"Add REST API versioning","Support v1/v2 endpoints side-by-side.","Backend","Medium"
"Fix misaligned icons in table","Icons appear off-center.","Frontend","Low"
"Add daily standup summary","Generate auto-summary of yesterday's tasks.","Feature","Medium"
"Fix frozen modal scroll","Background scroll disabled incorrectly.","Frontend","Low"
"Add WebAuthn login support","Login using passkeys.","Security","High"
"Fix Slack bot rate limit errors","Bot hits Slack API limit on busy days.","DevOps","Medium"
"Add mention autocomplete","@ mention users in comments.","Feature","Low"
"Fix event listener leak","Listeners not removed causing memory leak.","Frontend","High"
"Add commit reference linking","Link commits automatically in comments.","Feature","Low"
"Fix incorrect S3 ACL permissions","Files uploaded with wrong ACL.","Cloud","High"
"Add pre-commit hooks","Run format/lint automatically.","DevOps","Low"
"Fix pagination showing negative page","Edge case returns invalid indexes.","Backend","Low"
"Add admin export analytics","Export platform-wide analytics.","Feature","Low"
"Fix missing focus outline","Accessibility issue on keyboard users.","Frontend","Low"
"Add experiment tracking","Track results of experiments/features.","DevOps","Low"
"Fix corrupted WebP thumbnails","Thumbnails fail on Safari.","Frontend","Medium"
"Add retry for failed image generation","Retry AI image generation on fail.","AI","Medium"
"Fix model selection in AI tasks","Wrong model used due to config mismatch.","AI","High"
"Add lightweight AI summarization","Summaries generated for long descriptions.","AI","Low"
"Fix partial failure on batch tasks","Batch update fails halfway.","Backend","Medium"
"Add multi-project timeline view","Visualize multiple projects in one timeline.","Feature","High"
"Fix SQL deadlock on bulk delete","Bulk operations cause deadlocks.","Backend","High"
"Add encrypted local storage","Secure local cached info.","Security","High"
"Fix admin role not applied","Role update not propagating.","Backend","Medium"
"Add rich code block rendering","Render code snippets with syntax highlight.","Frontend","Low"
"Fix stale cache on task update","Cache not invalidated properly.","Backend","Medium"
"Add team workload distribution chart","Visualize workload across members.","Feature","Medium"
"Fix attachment preview slow load","Large previews take too long.","Frontend","Medium"
"Add dynamic server scaling","Auto-scale ECS/Lambda based on metrics.","Cloud","High"
"Fix OAuth refresh token rotation","Rotation logic breaks on multi-device login.","Security","High"
"Add custom project automation rules","Trigger automation based on events.","Feature","High"
"Fix inactive users still shown online","Presence system not updating.","Backend","Low"
"Add advanced debug mode","Show diagnostic info for troubleshooting.","DevOps","Low"
"Fix task reorder lost after refresh","Order not persisted in DB.","Frontend","Medium"
"Add global search across all resources","Search tasks, projects, files, users.","Feature","High"
"Fix flickering theme during load","Theme flashes white on initial load.","Frontend","Low"
"Add DB archival for old tasks","Move old tasks to cheaper storage.","Backend","Low"
"Fix mobile drag gesture conflict","Drag interacts with browser navigation.","Mobile","Medium"
"Add app performance metrics","Track lighthouse style performance metrics.","DevOps","Low"
"Fix duplicated cron jobs","Cron scheduled twice after redeploy.","Backend","High"
"Add two-way comment sync","Real-time update across tabs and devices.","Feature","Medium"
"Fix broken SSO logout","Logout from SSO not propagating properly.","Security","High"
"Add graceful shutdown","Finish in-flight requests on shutdown.","Backend","Medium"
"Fix ElasticSearch index mismatch","Mapping does not match schema.","Backend","High"
"Add file type restrictions","Block risky file types.","Security","Medium"
"Fix animations causing CPU spike","Some animations too heavy.","Frontend","Medium"
"Add organization-level audit logs","Track organization operations.","Security","High"
"Fix task reminder duplicates","Multiple reminders triggered.","Backend","Low"
"Add prioritized task queue","Queue tasks by priority.","Backend","Medium"
"Fix infinite loading spinner","Spinner never ends on failed fetch.","Frontend","Low"
"Add visual accessibility contrast mode","High-contrast UI theme.","Frontend","Low"
"Fix cookies not stored on Safari","Safari blocks third-party cookies.","Frontend","Medium"
"Add custom pipelines for data import","Transform data on import.","Feature","High"
"Fix real-time updates lost after tab inactive","Browser throttles timers.","Frontend","Low"
"Add multi-factor backup codes","Allow backup login codes.","Security","Medium"
"Fix flaky unit tests","Tests pass locally but fail in CI.","Testing","Medium"
"Add smart duplicate detection","Detect duplicate tasks automatically.","AI","Medium"
"Fix missing newline rendering","Newlines ignored in descriptions.","Frontend","Low"
"Add project health score","Calculate health score based on KPIs.","Feature","Medium"
"Fix inconsistent date parsing","Different browsers parse dates differently.","Frontend","Medium"
"Add custom webhook signing","Sign webhook payloads with HMAC.","Security","High"
"Fix auto-save conflict","Auto-save overwrites manual edits.","Backend","Medium"
"Add project dependency tree","Visualize cross-project dependencies.","Feature","High"
"Fix task follower notifications","Followers not receiving updates.","Backend","Low"
"Add JSON diff viewer","Show diff between JSON versions.","Feature","Low"
"Fix slow dashboard load","Too many DB joins.","Backend","High"
"Add OpenTelemetry tracing","Enable tracing across microservices.","DevOps","High"
"Fix task priority sorting","Sorting not applied correctly.","Frontend","Low"
"Add shared team calendar","Shared planning calendar.","Feature","Medium"
"Fix OAuth provider timeout","OAuth provider request too slow.","Security","Medium"
"Add custom keyboard shortcuts","Shortcuts for power users.","Feature","Low"
"Fix timezone inconsistency in scheduling","Scheduler runs in wrong timezone.","Backend","High"
"Add automated compliance checks","Run compliance rules on deploy.","DevOps","High"
"Fix duplicate push notifications","User receives two notifications.","Mobile","Low"
"Add hierarchical task nesting","Tasks inside sub-tasks.","Feature","Medium"
"Fix DB index fragmentation","Rebuild fragmented indexes.","Backend","Medium"
"Add offline task creation","Create tasks offline and sync later.","Mobile","Medium"
"Fix broken color palette","Colors not following design spec.","Frontend","Low"
"Add mission control dashboard","Monitor all system components.","DevOps","High"
"Fix AWS IAM permission leak","Role has excessive permissions.","Security","High"
"Add custom report builder","Users create custom analytics reports.","Feature","High"
"Fix project invite link expired","Expiration calculated incorrectly.","Backend","Low"
"Add proxy support for API requests","Allow using corporate proxy.","Backend","Low"
"Fix flickering tooltip","Tooltip appears multiple times.","Frontend","Low"
"Add bulk task creation wizard","Create multiple tasks quickly.","Feature","Medium"
"Fix event bus misrouting","Events routed to wrong handler.","Backend","High"
"Add auto-detect language","Detect language from user browser.","Frontend","Low"
"Fix background worker crash","Worker fails on large payload.","Backend","High"
"Add browser extension support","Add extension for quick task creation.","Feature","Medium"
"Fix throttled animations","Low FPS on older devices.","Frontend","Low"
"Add metadata tags for projects","Custom metadata tags.","Feature","Low"
"Fix corrupted backup file","Backup job writes corrupted file.","Backend","High"
"Add recaptcha validation","Block bot signups.","Security","Low"
"Fix incorrect mapping in ORM","Entity not mapped correctly to DB.","Backend","Medium"
"Add email verification step","Verify user email on signup.","Security","Low"
"Fix internal API circuit breaker","Breaker opens too early.","DevOps","Medium"
"Implement OAuth2 logout flow","Add logout endpoint and invalidate refresh tokens securely.","Security","Medium"
"Optimize Redis cache usage","Reduce unnecessary cache writes and enable TTL-based eviction.","Backend","Low"
"Fix Docker build context issue","Clean up unnecessary files included in Docker build to reduce image size.","DevOps","Medium"
"Improve Jenkins pipeline parallelism","Split long-running steps into parallel stages.","DevOps","High"
"Create dark mode for UI","Implement theme switching and store user preference.","Frontend","Low"
"Normalize database table relationships","Refactor schema to reduce redundant data and improve integrity.","Database","Medium"
"Add retry logic for payment service","Implement exponential backoff retry mechanism for failed API calls.","Backend","High"
"Refactor backend exceptions","Create a unified exception handler with consistent error response format.","Backend","Medium"
"Fix Nginx misconfiguration","Static content not being served due to wrong root path.","DevOps","High"
"Audit AWS IAM roles","Review all IAM roles and remove excessive permissions.","Security","High"
"Rewrite legacy CSS","Replace outdated float-based layout with modern flexbox/grid.","Frontend","Medium"
"Add email verification","Send confirmation email during registration to reduce fake accounts.","Feature","Low"
"Improve SQL query performance","Add missing indexes and optimize JOIN conditions.","Database","High"
"Fix Vue reactivity bug","UI does not update when nested object changes.","Frontend","Medium"
"Add API validation middleware","Reject malformed requests before reaching controllers.","Backend","Low"
"Enhance S3 upload security","Block public ACLs and enforce encryption for all uploads.","Security","High"
"Implement autoscaling on ECS","Scale service based on CPU and memory utilization.","DevOps","High"
"Create unit tests for auth module","Increase test coverage for token logic and user validation.","Testing","Medium"
"Fix JWT expiration handling","Tokens expire too early due to wrong time conversion.","Security","High"
"Improve logs structure","Adopt JSON logging and standardize log fields.","DevOps","Low"
"Add loading skeleton UI","Improve perceived performance with skeleton placeholders.","Frontend","Low"
"Cleanup unused frontend components","Remove dead code after recent redesign.","Frontend","Low"
"Optimize Kafka consumer","Fix slow message consumption by optimizing batch size.","Backend","High"
"Update Docker base images","Use lightweight and secure base images to reduce vulnerabilities.","DevOps","Medium"
"Create reusable React hooks","Extract duplicated logic from multiple components.","Frontend","Medium"
"Improve Lambda cold start","Switch to provisioned concurrency for critical functions.","DevOps","High"
"Add audit logging","Store important user actions for compliance.","Security","Medium"
"Enable CORS properly","Restrictive CORS rules break integration with mobile app.","Backend","Low"
"Fix pagination in API","Incorrect page metadata returned for last page.","Backend","Low"
"Add Swagger documentation","Document all public endpoints for easier integration.","Backend","Low"
"Integrate Sentry error tracking","Capture frontend and backend errors with stack traces.","DevOps","Medium"
"Fix broken WebSocket reconnect","Client fails to reconnect after network loss.","Frontend","High"
"Improve signup form UX","Add inline validation and helpful error messages.","Frontend","Low"
"Refactor Terraform modules","Break large modules into smaller reusable ones.","DevOps","Medium"
"Create feature flag system","Enable gradual rollout of features.","Feature","High"
"Fix concurrency issue in task scheduler","Race condition caused duplicated executions.","Backend","High"
"Add MFA support","Increase account security with TOTP-based MFA.","Security","High"
"Implement rate limiting","Prevent API abuse using IP-based rate limits.","Security","High"
"Optimize frontend bundle size","Implement code splitting and tree shaking.","Frontend","Medium"
"Rewrite cron jobs","Move from shell scripts to Python jobs for maintainability.","Backend","Low"
"Fix mobile UI layout","Elements overlap on small screens.","Frontend","High"
"Add CSV export feature","Allow users to download task list as CSV.","Feature","Low"
"Improve MySQL failover setup","Update replication strategy to reduce downtime.","Database","High"
"Fix timezone handling","Datetime stored inconsistently between services.","Backend","Medium"
"Add push notifications","Send real-time updates to mobile users.","Feature","High"
"Update NodeJS to latest LTS","Fix vulnerabilities and improve performance.","DevOps","Medium"
"Clean up unused cloud resources","Remove abandoned S3 buckets and EC2 instances.","DevOps","Low"
"Add health check endpoint","Expose /health for monitoring with load balancer.","Backend","Low"
"Fix GraphQL resolver bug","Resolver returns incomplete data due to wrong mapping.","Backend","Medium"
"Improve CI caching","Reduce build time using better dependency caching strategy.","DevOps","Medium"
"Implement session timeout","Auto logout inactive users for security.","Security","Low"
"Fix PDF export formatting","Report layout breaks on multi-page exports.","Feature","Medium"
"Add user role management","Support admin, manager, and standard user roles.","Feature","High"
"Improve image optimization","Compress uploaded images without reducing quality.","Frontend","Medium"
"Fix Android deep link issue","Deep links open wrong screen on certain versions.","Mobile","High"
"Rewrite push notification service","Move to FCM topic-based architecture.","Mobile","Medium"
"Fix memory leak in worker","Long-running worker consumes too much RAM.","Backend","High"
"Add Redis session storage","Replace in-memory sessions with Redis for scalability.","Backend","Medium"
"Improve deployment rollback","Add automatic rollback on failed ECS deployment.","DevOps","High"
"Fix unit test flakiness","Tests fail randomly due to shared state.","Testing","Medium"
"Add dark mode toggle","Support system theme auto-detection.","Frontend","Low"
"Fix YAML parsing error","Deployment fails due to invisible special characters.","DevOps","Low"
"Improve load testing suite","Increase concurrency and simulate real traffic patterns.","Testing","High"
"Add 2FA backup codes","Allow users to generate emergency backup codes.","Security","Low"
"Optimize search queries","Improve search speed with full-text indexing.","Database","High"
"Fix API Gateway timeout","Requests exceed 29s limit due to slow upstream processing.","Backend","High"
"Add Slack integration","Send task updates to Slack channels.","Feature","Low"
"Refactor login flow","Simplify login logic and reduce API calls.","Backend","Low"
"Add feature usage analytics","Track feature usage to improve prioritization.","Feature","Medium"
"Improve Webpack config","Reduce rebuild times and improve HMR.","Frontend","Medium"
"Fix load balancer routing","Requests routed to wrong service due to bad target rules.","DevOps","High"
"Create onboarding checklist","Help new team members ramp up faster.","Feature","Low"
"Optimize background jobs","Reduce CPU usage for recurring tasks.","Backend","Medium"
"Add data retention policy","Auto-delete old logs based on policy.","Security","Low"
"Fix CORS misconfiguration","Mobile app cannot fetch resources due to strict CORS rules.","Backend","High"
"Implement new dashboard UI","Create updated dashboard using modern UI components.","Frontend","Medium"
"Fix async await issue","Unhandled promise rejections in several services.","Backend","Medium"
"Add database backup automation","Schedule daily automated backups to S3.","DevOps","High"
"Improve API authentication","Switch to short-lived access tokens + refresh tokens.","Security","High"
"Fix login redirect bug","User redirected to wrong page after login.","Frontend","Low"
"Implement custom error pages","Show friendly error pages for 404 and 500.","Frontend","Low"
"Fix broken cron expression","Scheduler not running due to invalid cron rule.","DevOps","High"
"Optimize Redis PUB/SUB","Reduce message duplication in real-time updates.","Backend","Medium"
"Add export to Excel","Let users download data as .xlsx files.","Feature","Low"
"Refactor microservices structure","Move shared code into common libraries.","Backend","Medium"
"Add API rate monitoring","Monitor per-endpoint traffic patterns.","DevOps","Low"
"Fix bug in email template","Broken HTML for Outlook users.","Feature","Low"
"Implement zero-downtime deployment","Use rolling updates to avoid downtime.","DevOps","High"
"Add keyboard shortcuts","Improve productivity for power users.","Feature","Low"
"Fix user avatar upload issue","Large images fail due to missing compression.","Frontend","Medium"
"Improve logs retention policy","Reduce log retention to 30 days.","DevOps","Low"
"Add permissions matrix","Define granular permissions per user group.","Security","Medium"
"Fix S3 presigned URL error","Uploads fail due to wrong region in presigned URL.","Backend","High"
"Improve database sharding","Distribute load across shards more efficiently.","Database","High"
"Add mobile offline mode","Allow using app without internet, sync later.","Mobile","High"
"Fix API null pointer issue","Certain requests crash due to missing fields.","Backend","Medium"
"Improve form validation","Add client-side validation for better UX.","Frontend","Low"
"Add feature-based module loading","Lazy-load heavy modules to speed up startup.","Frontend","Medium"
"Refactor old jQuery code","Replace jQuery with modern JavaScript.","Frontend","Low"
"Fix iOS scrolling issue","Scrollable areas behave incorrectly on iOS Safari.","Mobile","High"
"Implement JWT refresh rotation","Increase security against token replay attacks.","Security","High"
"Improve real-time notification system","Increase WebSocket concurrency handling.","Backend","High"
"Fix DNS misconfiguration","Subdomain fails to resolve for some users.","DevOps","High"
"Fix API pagination metadata","Page count returns incorrect total when filtering.","Backend","Medium"
"Implement WebAuthn login","Add biometric login using WebAuthn.","Security","High"
"Add Redis caching layer","Improve performance for frequently accessed endpoints.","Backend","High"
"Create CI pipeline for mobile app","Automate build & test for Android and iOS.","DevOps","Medium"
"Improve GraphQL schema","Add missing types and refactor nested fields.","Backend","Low"
"Fix UI overflow issue","Content scrolls horizontally on smaller screens.","Frontend","Low"
"Enable S3 multipart upload","Support large file uploads more efficiently.","Backend","Medium"
"Add role-based dashboards","Different roles see different dashboard widgets.","Feature","High"
"Fix Kafka offset handling","Prevent double-processing messages due to mismanaged offsets.","Backend","High"
"Optimize React state usage","Reduce unnecessary re-renders using memo and callback.","Frontend","Low"
"Add dependency vulnerability scanning","Enable automated scanning using Snyk.","Security","Low"
"Implement API versioning","Support /v1 and /v2 endpoints for backward compatibility.","Backend","Medium"
"Fix Postgres slow query","Optimize indexes and update query execution plan.","Database","High"
"Create onboarding tutorial modal","Show interactive steps for first-time users.","Frontend","Low"
"Add user impersonation","Admins can impersonate users for debugging.","Feature","Medium"
"Fix Docker compose networking","Services cannot reach each other due to wrong network name.","DevOps","Low"
"Enable HTTP/2 support","Improve latency by enabling HTTP/2 on load balancer.","DevOps","Low"
"Add Stripe subscription billing","Enable recurring payments for premium features.","Feature","High"
"Fix timezone conversion bug","Times appear one day off in specific timezones.","Backend","Medium"
"Optimize NodeJS memory usage","Reduce memory leaks in long-lived API processes.","Backend","High"
"Improve error boundary handling","Catch more frontend rendering errors.","Frontend","Low"
"Add cross-region replication","Enable S3 replication for disaster recovery.","DevOps","High"
"Fix CSS z-index issue","Dropdown hidden behind modal due to wrong stacking order.","Frontend","Low"
"Add waffle chart widget","New data visualization component for analytics dashboard.","Frontend","Low"
"Implement GitHub OAuth","Allow authentication using GitHub accounts.","Feature","Low"
"Improve encryption for secrets","Use AWS KMS instead of plain environment variables.","Security","High"
"Fix MySQL deadlock issue","Resolve frequent deadlocks by redesigning transaction flow.","Database","High"
"Add task history tracking","Track edits, deletions, and status changes.","Feature","Medium"
"Improve JWT cookie security","Enable HttpOnly + Secure + SameSite flags.","Security","High"
"Fix iOS push notifications","Silent notifications not delivered on iOS 16.","Mobile","High"
"Create service degradation alerts","Notify team when service response times exceed threshold.","DevOps","Medium"
"Fix Webpack asset hashing","Cache not invalidated properly after deployment.","Frontend","Low"
"Add Kanban board view","Provide drag-and-drop task management board.","Feature","High"
"Optimize image CDN settings","Tune cache-control and transformation rules.","DevOps","Low"
"Fix Postgres connection leak","Connections not released after queries in pool.","Database","High"
"Add dark/light theme auto-switch","Sync theme with system settings.","Frontend","Low"
"Implement circuit breaker pattern","Stop calling failing service automatically.","Backend","High"
"Fix Android splash screen issue","App freezes during splash due to async init.","Mobile","Medium"
"Rewrite reporting module","Legacy code causes slow performance and bugs.","Backend","Medium"
"Add Elasticsearch logs indexing","Enable full-text log search for debugging.","DevOps","Medium"
"Fix drag and drop snapping","Items snap incorrectly due to wrong bounding calculation.","Frontend","Low"
"Improve TypeScript type coverage","Migrate JS files to TS.","Frontend","Medium"
"Implement audit event streaming","Send key events to Kafka for processing.","Backend","Medium"
"Add calendar integration","Sync tasks to Google Calendar.","Feature","Low"
"Fix PDF printing alignment","Margins incorrect on different printers.","Feature","Low"
"Enhance security headers","Enable CSP, HSTS, Frame-Options, etc.","Security","High"
"Add activity summary emails","Send weekly summary of tasks to users.","Feature","Low"
"Fix Redis cluster failover","Primary not switching correctly when node fails.","Backend","High"
"Create internal admin console","Allow internal team to manage accounts, tasks, and logs.","Feature","High"
"Fix browser autofill issues","Incorrect fields filled on signup form.","Frontend","Low"
"Improve network error handling","Show better fallback UI when offline.","Frontend","Medium"
"Implement horizontal autoscaling","Scale based on queue size and CPU usage.","DevOps","High"
"Fix mobile gesture issue","Swipe gestures conflict with scrolling.","Mobile","Medium"
"Add backend batching","Batch database writes to improve throughput.","Backend","Medium"
"Fix C# SDK bugs","Generated SDK has wrong types in several endpoints.","Backend","Low"
"Improve Terraform state management","Migrate state backend to S3 + DynamoDB.","DevOps","High"
"Fix Firebase token refresh","Mobile app logs out unexpectedly.","Mobile","High"
"Add webhook retry mechanism","Retry failed webhooks with exponential backoff.","Backend","Medium"
"Improve session persistence","Reduce logout frequency by adjusting config.","Backend","Low"
"Fix UI skeleton shimmer","Animation not playing smoothly.","Frontend","Low"
"Add cron job monitoring","Track failures and overdue tasks.","DevOps","High"
"Fix missing indexes","Database slow due to missing foreign key indexes.","Database","High"
"Implement global search","Search tasks, users, comments in one place.","Feature","High"
"Optimize S3 cost structure","Move logs to Glacier and reduce storage cost.","DevOps","Low"
"Fix GraphQL N+1 queries","Optimize schema resolvers to prevent extra queries.","Backend","High"
"Improve Kotlin coroutine handling","Fix job cancellation leaks in mobile app.","Mobile","High"
"Add continuous profiling","Use tools like Pyroscope for performance analysis.","DevOps","Low"
"Fix CORS preflight requests","OPTIONS requests returning 500.","Backend","Medium"
"Add SVG icon library","Replace PNG icons with scalable SVGs.","Frontend","Low"
"Improve load generation scripts","Simulate beta user patterns more realistically.","Testing","Low"
"Fix notification duplication","Notifications sent multiple times due to race condition.","Backend","High"
"Add domain event system","Trigger domain events for critical task lifecycle actions.","Backend","Medium"
"Improve runtime validation","Add strict validation for API inputs.","Backend","Low"
"Fix React hydration mismatch","SSR output differs from client render.","Frontend","Medium"
"Implement global maintenance mode","Show maintenance page during deployments.","DevOps","Low"
"Fix integration test isolation","Tests interfere due to shared database.","Testing","Medium"
"Add priority color coding","Visually differentiate high/medium/low priority tasks.","Frontend","Low"
"Optimize serverless cost","Reduce Lambda execution time.","DevOps","Medium"
"Fix MDX rendering issue","Broken styles when rendering documentation pages.","Frontend","Low"
"Add Microsoft login","Enable OAuth login with Microsoft accounts.","Feature","Low"
"Fix MongoDB aggregation error","Pipeline fails due to incompatible type.","Database","Medium"
"Improve bundle caching","Rebuilds slow due to missing persistent caching.","Frontend","Low"
"Add Redis stream processor","Implement consumer group for log ingestion.","Backend","Medium"
"Enhance SQL migration checks","Prevent breaking migrations from deploying.","Backend","High"
"Fix load balancer health check","Wrong path causing service to scale down.","DevOps","High"
"Add database connection throttling","Prevent overflow of connection pool.","Database","Medium"
"Improve crash analytics","Enhance mobile error collection.","Mobile","Medium"
"Fix cookie domain issue","Cookies not shared across subdomains.","Backend","Low"
"Add mobile theme support","Sync theme across devices.","Mobile","Low"
"Fix Vue build warnings","Unused components cause build failures.","Frontend","Low"
"Implement freeze mode","Disable task editing during maintenance.","Feature","Medium"
"Fix slow JSON serialization","Optimize large response serialization.","Backend","Medium"
"Add server event logs viewer","Admin can view server logs in dashboard.","Feature","Low"
"Fix Go microservice panic","Service panics when reading nil pointer.","Backend","High"
"Improve Ansible playbooks","Clean up tasks and add handlers.","DevOps","Low"
"Add push-to-deploy feature","Deploy directly from Git commit.","DevOps","Medium"
"Fix dark mode color mismatch","Text not readable in dark mode.","Frontend","Low"
"Add security checklist","Ensure password rules and auth flow secure.","Security","Medium"
"Fix PostgreSQL connection pool exhaustion","Requests time out under load.","Database","High"
"Improve Swift UIKit performance","View rendering slow in older devices.","Mobile","Low"
"Fix Node memory heap usage","Increase memory limit and fix leaks.","Backend","High"
"Add dashboard filters","Filter dashboard by date, user, priority.","Frontend","Low"
"Implement granular audit logs","Log field-level changes.","Security","High"
"Fix async bug in Python worker","Tasks executed in wrong order.","Backend","High"
"Add CI for database migrations","Run migrations in isolated test DB.","DevOps","Medium"
"Improve concurrency lock","Prevent deadlocks in distributed locking.","Backend","High"
"Fix image orientation bug","Uploaded images rotate incorrectly.","Frontend","Medium"
"Add subscription usage limits","Restrict usage based on plan.","Feature","Medium"
"Fix load-balancer sticky sessions","Users logged out randomly.","DevOps","Low"
"Add scroll restoration","Remember scroll position when navigating.","Frontend","Low"
"Fix mobile tab switch lag","Tabs feel unresponsive.","Mobile","Medium"
"Improve Kafka schema evolution","Support backward-compatible schema changes.","Backend","Medium"
"Add tagging system for tasks","Users can add custom tags.","Feature","Low"
"Fix service discovery in Kubernetes","Pods not detected due to wrong label selector.","DevOps","High"
"Implement server-side rendering","Improve SEO by rendering pages server-side.","Frontend","High"
"Fix mTLS handshake issue","Services reject connections due to cert mismatch.","Security","High"
"Add webhook logs viewer","Show webhook delivery logs.","Feature","Low"
"Improve retry policy","Reduce redundant retries that overload service.","Backend","Low"
"Fix incorrect breadcrumbs","Navigation path displays wrong hierarchy.","Frontend","Low"
"Add translation support","Enable i18n for multiple languages.","Frontend","Medium"
"Fix event duplication in event bus","Event published twice under load.","Backend","High"
"Improve protobuf definitions","Clean up proto files and versioning.","Backend","Low"
"Fix navigation focus bug","Keyboard navigation breaks after search.","Frontend","Low"
"Add mobile biometric auth","Use FaceID / Fingerprint login.","Mobile","Medium"
"Improve API gateway mapping","Fix path rewrite issues.","Backend","Medium"
"Add anomaly detection alerts","Detect unusual spikes in traffic.","DevOps","High"
"Fix Lambda warm-up function","Warm-up not preventing cold starts.","Backend","Medium"
"Add custom dashboards","Allow users to build their own dashboard layouts.","Feature","Low"
"Fix timezone dropdown issue","Incorrect list shown for some regions.","Frontend","Low"
"Improve UX for long forms","Split forms into multiple steps.","Frontend","Low"
"Add resource tagging policy","Tag all cloud resources consistently.","DevOps","Low"
"Fix React modal unmount issue","Modal content remains in DOM after close.","Frontend","Low"
"Implement JWT blacklist","Blacklist tokens after logout.","Security","Medium"
"Fix notification badge count","Badge number not synced with server.","Frontend","Low"
"Improve Dart isolates usage","Reduce UI blocking in Flutter app.","Mobile","Low"
"Fix API token refresh","Expired tokens not refreshed correctly causing 401 errors.","Backend","High"
"Add user feedback form","Collect user feedback directly in the app.","Frontend","Low"
"Optimize SQL joins","Improve query performance by rewriting joins and adding indexes.","Database","High"
"Fix mobile layout issue","Buttons overlap on small screens under 320px.","Frontend","Low"
"Implement password reset via email","Send secure token links for resetting passwords.","Security","High"
"Add GraphQL subscription support","Enable real-time updates via subscriptions.","Backend","Medium"
"Fix image lazy load","Images not appearing when scrolling fast.","Frontend","Low"
"Implement API rate limiter","Throttle requests per IP to prevent abuse.","Security","High"
"Add Kubernetes HPA","Autoscale pods based on CPU and memory usage.","DevOps","Medium"
"Fix WebSocket message ordering","Messages delivered out-of-order under high load.","Backend","High"
"Improve JS bundle size","Remove unused dependencies and optimize code splitting.","Frontend","Medium"
"Add Sentry error reporting","Capture frontend errors with Sentry.","Frontend","Low"
"Fix email encoding issue","Special characters break email content.","Backend","Medium"
"Implement task dependency visualization","Show graph of dependent tasks in UI.","Frontend","Low"
"Add API caching headers","Enable browser and CDN caching for static responses.","Backend","Medium"
"Fix memory leak in Node worker","Long-running workers consume too much memory.","Backend","High"
"Improve mobile gesture recognition","Swipe and pinch gestures now smoother.","Mobile","Medium"
"Add feature flag for beta users","Enable new features only for beta testers.","Feature","Low"
"Fix duplicate user creation","Concurrent registration creates duplicate accounts.","Backend","High"
"Implement daily digest emails","Send summary emails of tasks and activities.","Feature","Medium"
"Add custom form validations","Validate phone numbers, emails, and ZIP codes.","Frontend","Low"
"Fix CSS flexbox wrapping","Elements overlap when container resizes.","Frontend","Low"
"Add server-side logging enhancement","Include request IDs and session info in logs.","Backend","Medium"
"Implement multi-factor authentication","Require OTP in addition to password for login.","Security","High"
"Fix React Router redirect issue","Redirect loop when accessing protected routes.","Frontend","Medium"
"Add performance metrics dashboard","Visualize API latency and request counts.","DevOps","Medium"
"Fix Kubernetes rolling update","Deployment does not update all pods correctly.","DevOps","High"
"Improve Terraform modules","Make modules reusable with variables and outputs.","DevOps","Low"
"Add S3 bucket policy audit","Check bucket permissions automatically.","Security","High"
"Fix CSV export encoding","Special characters get corrupted in CSV downloads.","Backend","Medium"
"Implement search autocomplete","Show suggestions as users type in search box.","Frontend","Low"
"Add notification preferences","Users can choose which notifications to receive.","Feature","Low"
"Fix GraphQL error masking","Backend errors incorrectly exposed to clients.","Backend","High"
"Improve mobile offline handling","Cache data for offline usage in mobile app.","Mobile","Medium"
"Add email verification","Send verification emails on registration.","Security","High"
"Fix Docker image size","Reduce image size by cleaning cache and dependencies.","DevOps","Medium"
"Implement caching for frequent queries","Use Redis to cache expensive queries.","Backend","High"
"Add task labeling system","Users can categorize tasks with labels.","Frontend","Low"
"Fix session timeout issue","Users logged out too early due to wrong config.","Backend","Medium"
"Improve S3 upload performance","Multipart uploads and parallel streams for faster uploads.","DevOps","Medium"
"Add webhook security signature","Validate incoming webhooks using HMAC.","Security","High"
"Fix mobile push notification delay","Notifications arrive late due to throttling.","Mobile","Medium"
"Implement recurring tasks","Support daily, weekly, monthly recurring tasks.","Feature","High"
"Add analytics event tracking","Track user actions for metrics and reporting.","Frontend","Medium"
"Fix GraphQL resolver bugs","Incorrect data returned in nested queries.","Backend","High"
"Improve CI pipeline reliability","Retry failed jobs and fix flaky tests.","DevOps","Medium"
"Add inline code editor","Allow editing scripts directly in dashboard UI.","Frontend","Low"
"Fix date picker timezone bug","Dates shifted incorrectly in certain timezones.","Frontend","Medium"
"Implement serverless monitoring","Use CloudWatch and custom metrics for Lambda.","DevOps","High"
"Add React context for theme","Centralize theme state using context API.","Frontend","Low"
"Fix file download headers","Downloaded files have wrong content type.","Backend","Medium"
"Improve Python worker concurrency","Handle more tasks in parallel efficiently.","Backend","High"
"Add account activity logs","Track login, logout, and important changes.","Security","Medium"
"Fix frontend routing for SPA","Links break when refreshing nested paths.","Frontend","Low"
"Implement task reminder notifications","Send push or email reminders for due tasks.","Feature","Medium"
"Add webhook testing environment","Simulate webhook events without touching prod.","DevOps","Low"
"Fix iOS keyboard overlap","Keyboard covers input fields on iOS devices.","Mobile","Medium"
"Improve error messages","Provide clear and actionable error messages in UI.","Frontend","Low"
"Add Slack integration","Send task updates to Slack channels.","Feature","Medium"
"Fix memory leaks in React components","Components not unmounting properly.","Frontend","Medium"
"Implement server-side task validation","Prevent invalid data before saving to DB.","Backend","High"
"Add database indexing automation","Create indexes automatically for slow queries.","Database","High"
"Fix CORS issue on staging","Frontend blocked from accessing API endpoints.","Backend","Medium"
"Improve webpack caching","Reduce rebuild times by caching dependencies.","Frontend","Medium"
"Add custom user roles","Define granular roles with specific permissions.","Security","High"
"Fix Lambda environment variable issue","Variables missing in some deployments.","Backend","Medium"
"Implement task dependency notifications","Notify when dependent tasks are complete.","Feature","Medium"
"Add user activity heatmap","Visualize active hours of users in dashboard.","Frontend","Low"
"Fix Redux state immutability","Avoid direct mutation of state causing bugs.","Frontend","Medium"
"Improve database backup strategy","Encrypt backups and rotate retention policy.","Database","High"
"Add API request logging","Log all incoming requests for audit purposes.","Backend","Medium"
"Fix mobile scroll snapping","Lists do not scroll correctly on mobile.","Mobile","Medium"
"Implement server-side rendering for SEO","Improve search engine discoverability.","Frontend","High"
"Add TypeScript type coverage","Convert JS files to TypeScript for better type safety.","Frontend","Medium"
"Fix webpack asset hashing","Cache not invalidated correctly on deployment.","Frontend","Medium"
"Improve Kafka consumer resiliency","Recover from temporary broker failures automatically.","Backend","High"
"Add internationalization support","Translate UI and messages into multiple languages.","Frontend","Low"
"Fix GraphQL authentication bug","Unauthorized access to restricted data.","Backend","High"
"Implement feature flags for backend","Enable/disable backend features dynamically.","Backend","Medium"
"Add team collaboration comments","Users can comment and mention team members.","Feature","Medium"
"Fix mobile layout scroll bug","Content cut off in landscape mode.","Mobile","Low"
"Improve CI test coverage","Add more unit and integration tests.","Testing","Medium"
"Add Redis cache invalidation","Expire cached items when updated in DB.","Backend","High"
"Fix AWS IAM role permission","Lambda functions cannot access required resources.","DevOps","High"
"Implement SSO login","Single sign-on with corporate accounts.","Security","High"
"Add audit trail for changes","Track changes to tasks and users.","Security","Medium"
"Fix Java heap size issue","Increase heap to prevent OOM errors.","Backend","High"
"Improve mobile image caching","Reduce image loading time on slow networks.","Mobile","Medium"
"Add task priority colors","Highlight tasks based on priority.","Frontend","Low"
"Fix database migration rollback","Rolling back migrations fails in some cases.","Database","High"
"Implement async batch processing","Queue and process tasks asynchronously in batches.","Backend","Medium"
"Add test environment seeding","Seed test database automatically for integration tests.","Testing","Low"
"Fix layout shift in dashboard","Dashboard widgets jump on load due to font loading.","Frontend","Low"
"Improve API error handling","Return consistent error responses for all endpoints.","Backend","Medium"
"Add recurring invoice generation","Generate invoices automatically for recurring subscriptions.","Feature","High"
"Fix session persistence on mobile","Users get logged out frequently on mobile app.","Mobile","Medium"
"Implement webhook verification","Check signature of incoming webhook events.","Security","High"
"Add CI code linting","Run linting on all pull requests.","DevOps","Low"
"Fix React key warnings","Lists missing unique keys causing warning logs.","Frontend","Low"
"Improve frontend accessibility","Ensure WCAG compliance and ARIA roles.","Frontend","Medium"
"Add AWS Lambda monitoring","Custom metrics for all critical Lambda functions.","DevOps","High"
"Fix date formatting inconsistencies","Dates appear differently in backend and frontend.","Backend","Medium"
"Implement automated regression tests","Run regression suite on CI pipelines.","Testing","Medium"
"Add file versioning for uploads","Keep track of file versions in S3.","Backend","Medium"
"Fix memory leaks in Vue components","Components do not release memory after unmount.","Frontend","Medium"
"Improve mobile offline sync","Synchronize local changes when back online.","Mobile","Medium"
"Add user onboarding progress","Show progress bar for new user setup.","Frontend","Low"
"Fix SQL deadlocks in production","Transactions conflict causing errors.","Database","High"
"Implement advanced task filters","Filter tasks by multiple criteria in dashboard.","Frontend","Medium"
"Add API key rotation","Rotate API keys regularly for security.","Security","High"
"Fix HTTP 429 handling","Properly retry after rate limit exceeded.","Backend","Medium"
"Improve Terraform deployment speed","Parallelize resource creation and reduce drift.","DevOps","Medium"
"Fix critical payment error","System crash during payment process. Backend issue.","Backend","Critical"
"Critical security fix","Database injection vulnerability found in payment API.","Security","Critical"
"Fix backend logic","Calculation error in order total. Fix logic in Service layer.","Backend","High"
"Urgent server crash","Production server is down due to memory leak.","DevOps","Critical"
"Fix API timeout","Payment API takes too long to respond. Optimization needed.","Backend","High"
"Fix critical payment calculation","Logic error in calculating total amount. Fix backend service immediately.","Backend","Critical"
"Fix security vulnerability in API","SQL Injection found in login endpoint. Fix ASAP.","Security","Critical"
"Fix database connection leak","Connection pool is full causing timeouts. Fix database config.","Database","Critical"
"Fix memory leak in backend","Server crashes after 24h due to memory leak. Fix Java heap space.","Backend","Critical"
"Fix production outage","System is down due to load balancer failure. Fix infra now.","DevOps","Critical"
"Fix slow query in report","Reporting API takes 30s to load. Fix SQL query performance.","Database","High"
"Fix authentication bypass","User can login without password. Fix security hole.","Security","Critical"
"Fix data corruption","User data is saved incorrectly in DB. Fix transaction logic.","Backend","High"
"Critical service failure","Payment gateway is not responding. Fix integration.","Backend","Critical"
"Urgent hotfix for release","Critical bug found in production. Fix immediately for release.","Backend","Critical"
"Emergency server downtime","Production server is down. 503 Service Unavailable. Fix immediately.","DevOps","Critical"
"Critical payment failure","Payment gateway Stripe rejects all cards. Revenue loss.","Backend","Critical"
"Urgent security breach","Hacker exploit found in login API. SQL Injection. Patch now.","Security","Critical"
"System crash on load","CPU spikes to 100% causing system crash. Restart services.","DevOps","Critical"
"Database data loss","User data deleted by mistake. Restore backup urgent.","Database","Critical"
"Critical login outage","Users cannot login. Auth service is down.","Backend","Critical"
"Emergency hotfix","Critical bug in checkout flow. User cannot buy.","Backend","Critical"
"Security alert high","DDOS attack detected on main gateway. Block IP.","Security","Critical"
"Payment service down","API returns 500 for all payments. Money is stuck.","Backend","Critical"
"Critical memory leak","Application crashes every 1 hour due to RAM. Fix leak.","Backend","Critical"
"Emergency server downtime","Production server is down. 503 Service Unavailable. Fix immediately.","DevOps","Critical"
"Critical payment failure","Payment gateway Stripe rejects all cards. Revenue loss.","Backend","Critical"
"Urgent security breach","Hacker exploit found in login API. SQL Injection. Patch now.","Security","Critical"
"System crash on load","CPU spikes to 100% causing system crash. Restart services.","DevOps","Critical"
"Database data loss","User data deleted by mistake. Restore backup urgent.","Database","Critical"
"Critical login outage","Users cannot login. Auth service is down.","Backend","Critical"
"Emergency hotfix","Critical bug in checkout flow. User cannot buy.","Backend","Critical"
"Security alert high","DDOS attack detected on main gateway. Block IP.","Security","Critical"
"Payment service down","API returns 500 for all payments. Money is stuck.","Backend","Critical"
"Critical memory leak","Application crashes every 1 hour due to RAM. Fix leak.","Backend","Critical"
"Security breach detected","Hacker trying to steal data. IP blocked.","Security","Critical"
"Data leak incident","Customer emails leaked on dark web. Emergency investigation.","Security","Critical"
"Database backup failed","Daily backup script error. Risk of data loss.","Database","High"
"Add new table column","Alter schema to add user_age column.","Database","Low"
"Restore DB from snapshot","Recover data from yesterday backup.","Database","High"